image_id,image_url
1,https://randomuser.me/api/portraits/women/63.jpg
2,https://randomuser.me/api/portraits/men/88.jpg
3,https://randomuser.me/api/portraits/women/82.jpg
4,https://randomuser.me/api/portraits/women/70.jpg
5,https://randomuser.me/api/portraits/women/37.jpg
6,https://randomuser.me/api/portraits/men/77.jpg
7,https://randomuser.me/api/portraits/men/87.jpg
8,https://randomuser.me/api/portraits/women/41.jpg
9,https://randomuser.me/api/portraits/women/18.jpg
10,https://randomuser.me/api/portraits/men/60.jpg
11,https://randomuser.me/api/portraits/women/42.jpg
12,https://randomuser.me/api/portraits/men/27.jpg
13,https://randomuser.me/api/portraits/men/41.jpg
14,https://randomuser.me/api/portraits/men/99.jpg
15,https://randomuser.me/api/portraits/men/7.jpg
16,https://randomuser.me/api/portraits/women/3.jpg
17,https://randomuser.me/api/portraits/men/95.jpg
18,https://randomuser.me/api/portraits/women/3.jpg
19,https://randomuser.me/api/portraits/women/25.jpg
20,https://randomuser.me/api/portraits/men/81.jpg
21,https://randomuser.me/api/portraits/men/99.jpg
22,https://randomuser.me/api/portraits/women/87.jpg
23,https://randomuser.me/api/portraits/men/80.jpg
24,https://randomuser.me/api/portraits/men/54.jpg
25,https://randomuser.me/api/portraits/men/61.jpg
26,https://randomuser.me/api/portraits/women/4.jpg
27,https://randomuser.me/api/portraits/men/6.jpg
28,https://randomuser.me/api/portraits/men/93.jpg
29,https://randomuser.me/api/portraits/men/70.jpg
30,https://randomuser.me/api/portraits/women/57.jpg
31,https://randomuser.me/api/portraits/women/72.jpg
32,https://randomuser.me/api/portraits/men/73.jpg
33,https://randomuser.me/api/portraits/men/69.jpg
34,https://randomuser.me/api/portraits/men/24.jpg
35,https://randomuser.me/api/portraits/women/96.jpg
36,https://randomuser.me/api/portraits/women/31.jpg
37,https://randomuser.me/api/portraits/women/46.jpg
38,https://randomuser.me/api/portraits/women/62.jpg
39,https://randomuser.me/api/portraits/men/83.jpg
40,https://randomuser.me/api/portraits/men/3.jpg
41,https://randomuser.me/api/portraits/men/21.jpg
42,https://randomuser.me/api/portraits/women/4.jpg
43,https://randomuser.me/api/portraits/women/16.jpg
44,https://randomuser.me/api/portraits/women/86.jpg
45,https://randomuser.me/api/portraits/men/11.jpg
46,https://randomuser.me/api/portraits/men/49.jpg
47,https://randomuser.me/api/portraits/women/72.jpg
48,https://randomuser.me/api/portraits/women/35.jpg
49,https://randomuser.me/api/portraits/women/90.jpg
50,https://randomuser.me/api/portraits/women/50.jpg
51,https://randomuser.me/api/portraits/men/59.jpg
52,https://randomuser.me/api/portraits/men/24.jpg
53,https://randomuser.me/api/portraits/women/66.jpg
54,https://randomuser.me/api/portraits/men/66.jpg
55,https://randomuser.me/api/portraits/women/29.jpg
56,https://randomuser.me/api/portraits/men/59.jpg
57,https://randomuser.me/api/portraits/men/67.jpg
58,https://randomuser.me/api/portraits/men/97.jpg
59,https://randomuser.me/api/portraits/women/70.jpg
60,https://randomuser.me/api/portraits/men/55.jpg
61,https://randomuser.me/api/portraits/women/75.jpg
62,https://randomuser.me/api/portraits/women/19.jpg
63,https://randomuser.me/api/portraits/women/23.jpg
64,https://randomuser.me/api/portraits/women/41.jpg
65,https://randomuser.me/api/portraits/men/35.jpg
66,https://randomuser.me/api/portraits/men/63.jpg
67,https://randomuser.me/api/portraits/men/77.jpg
68,https://randomuser.me/api/portraits/women/17.jpg
69,https://randomuser.me/api/portraits/men/14.jpg
70,https://randomuser.me/api/portraits/women/23.jpg
71,https://randomuser.me/api/portraits/women/12.jpg
72,https://randomuser.me/api/portraits/women/34.jpg
73,https://randomuser.me/api/portraits/men/99.jpg
74,https://randomuser.me/api/portraits/men/85.jpg
75,https://randomuser.me/api/portraits/men/81.jpg
76,https://randomuser.me/api/portraits/women/40.jpg
77,https://randomuser.me/api/portraits/men/96.jpg
78,https://randomuser.me/api/portraits/women/2.jpg
79,https://randomuser.me/api/portraits/men/24.jpg
80,https://randomuser.me/api/portraits/women/17.jpg
81,https://randomuser.me/api/portraits/men/76.jpg
82,https://randomuser.me/api/portraits/women/45.jpg
83,https://randomuser.me/api/portraits/men/2.jpg
84,https://randomuser.me/api/portraits/men/45.jpg
85,https://randomuser.me/api/portraits/women/54.jpg
86,https://randomuser.me/api/portraits/men/46.jpg
87,https://randomuser.me/api/portraits/men/72.jpg
88,https://randomuser.me/api/portraits/women/11.jpg
89,https://randomuser.me/api/portraits/women/94.jpg
90,https://randomuser.me/api/portraits/men/0.jpg
91,https://randomuser.me/api/portraits/women/92.jpg
92,https://randomuser.me/api/portraits/women/25.jpg
93,https://randomuser.me/api/portraits/men/64.jpg
94,https://randomuser.me/api/portraits/women/69.jpg
95,https://randomuser.me/api/portraits/men/1.jpg
96,https://randomuser.me/api/portraits/men/93.jpg
97,https://randomuser.me/api/portraits/women/90.jpg
98,https://randomuser.me/api/portraits/women/35.jpg
99,https://randomuser.me/api/portraits/women/22.jpg
100,https://randomuser.me/api/portraits/men/13.jpg
101,https://randomuser.me/api/portraits/men/36.jpg
102,https://randomuser.me/api/portraits/men/54.jpg
103,https://randomuser.me/api/portraits/women/91.jpg
104,https://randomuser.me/api/portraits/men/71.jpg
105,https://randomuser.me/api/portraits/men/55.jpg
106,https://randomuser.me/api/portraits/men/84.jpg
107,https://randomuser.me/api/portraits/women/68.jpg
108,https://randomuser.me/api/portraits/men/26.jpg
109,https://randomuser.me/api/portraits/men/44.jpg
110,https://randomuser.me/api/portraits/women/87.jpg
111,https://randomuser.me/api/portraits/men/48.jpg
112,https://randomuser.me/api/portraits/men/38.jpg
113,https://randomuser.me/api/portraits/men/75.jpg
114,https://randomuser.me/api/portraits/women/93.jpg
115,https://randomuser.me/api/portraits/men/27.jpg
116,https://randomuser.me/api/portraits/men/52.jpg
117,https://randomuser.me/api/portraits/women/57.jpg
118,https://randomuser.me/api/portraits/women/76.jpg
119,https://randomuser.me/api/portraits/women/42.jpg
120,https://randomuser.me/api/portraits/men/76.jpg
121,https://randomuser.me/api/portraits/women/3.jpg
122,https://randomuser.me/api/portraits/men/81.jpg
123,https://randomuser.me/api/portraits/men/6.jpg
124,https://randomuser.me/api/portraits/women/81.jpg
125,https://randomuser.me/api/portraits/men/1.jpg
126,https://randomuser.me/api/portraits/men/97.jpg
127,https://randomuser.me/api/portraits/men/48.jpg
128,https://randomuser.me/api/portraits/men/24.jpg
129,https://randomuser.me/api/portraits/women/64.jpg
130,https://randomuser.me/api/portraits/women/38.jpg
131,https://randomuser.me/api/portraits/women/25.jpg
132,https://randomuser.me/api/portraits/men/62.jpg
133,https://randomuser.me/api/portraits/women/41.jpg
134,https://randomuser.me/api/portraits/women/77.jpg
135,https://randomuser.me/api/portraits/women/83.jpg
136,https://randomuser.me/api/portraits/women/30.jpg
137,https://randomuser.me/api/portraits/men/45.jpg
138,https://randomuser.me/api/portraits/women/32.jpg
139,https://randomuser.me/api/portraits/men/59.jpg
140,https://randomuser.me/api/portraits/men/2.jpg
141,https://randomuser.me/api/portraits/women/25.jpg
142,https://randomuser.me/api/portraits/women/10.jpg
143,https://randomuser.me/api/portraits/men/5.jpg
144,https://randomuser.me/api/portraits/women/27.jpg
145,https://randomuser.me/api/portraits/women/82.jpg
146,https://randomuser.me/api/portraits/men/70.jpg
147,https://randomuser.me/api/portraits/women/57.jpg
148,https://randomuser.me/api/portraits/men/45.jpg
149,https://randomuser.me/api/portraits/women/24.jpg
150,https://randomuser.me/api/portraits/women/85.jpg
151,https://randomuser.me/api/portraits/women/13.jpg
152,https://randomuser.me/api/portraits/men/83.jpg
153,https://randomuser.me/api/portraits/men/93.jpg
154,https://randomuser.me/api/portraits/women/83.jpg
155,https://randomuser.me/api/portraits/men/6.jpg
156,https://randomuser.me/api/portraits/men/11.jpg
157,https://randomuser.me/api/portraits/women/10.jpg
158,https://randomuser.me/api/portraits/women/29.jpg
159,https://randomuser.me/api/portraits/women/86.jpg
160,https://randomuser.me/api/portraits/women/23.jpg
161,https://randomuser.me/api/portraits/men/84.jpg
162,https://randomuser.me/api/portraits/women/71.jpg
163,https://randomuser.me/api/portraits/women/88.jpg
164,https://randomuser.me/api/portraits/men/53.jpg
165,https://randomuser.me/api/portraits/women/43.jpg
166,https://randomuser.me/api/portraits/men/42.jpg
167,https://randomuser.me/api/portraits/men/79.jpg
168,https://randomuser.me/api/portraits/women/11.jpg
169,https://randomuser.me/api/portraits/women/54.jpg
170,https://randomuser.me/api/portraits/women/28.jpg
171,https://randomuser.me/api/portraits/women/38.jpg
172,https://randomuser.me/api/portraits/women/49.jpg
173,https://randomuser.me/api/portraits/men/46.jpg
174,https://randomuser.me/api/portraits/men/96.jpg
175,https://randomuser.me/api/portraits/men/16.jpg
176,https://randomuser.me/api/portraits/men/47.jpg
177,https://randomuser.me/api/portraits/women/86.jpg
178,https://randomuser.me/api/portraits/women/23.jpg
179,https://randomuser.me/api/portraits/men/92.jpg
180,https://randomuser.me/api/portraits/men/54.jpg
181,https://randomuser.me/api/portraits/women/69.jpg
182,https://randomuser.me/api/portraits/men/10.jpg
183,https://randomuser.me/api/portraits/women/83.jpg
184,https://randomuser.me/api/portraits/men/61.jpg
185,https://randomuser.me/api/portraits/women/83.jpg
186,https://randomuser.me/api/portraits/women/7.jpg
187,https://randomuser.me/api/portraits/men/4.jpg
188,https://randomuser.me/api/portraits/men/21.jpg
189,https://randomuser.me/api/portraits/men/31.jpg
190,https://randomuser.me/api/portraits/men/25.jpg
191,https://randomuser.me/api/portraits/women/40.jpg
192,https://randomuser.me/api/portraits/women/6.jpg
193,https://randomuser.me/api/portraits/women/73.jpg
194,https://randomuser.me/api/portraits/men/94.jpg
195,https://randomuser.me/api/portraits/women/61.jpg
196,https://randomuser.me/api/portraits/women/22.jpg
197,https://randomuser.me/api/portraits/women/57.jpg
198,https://randomuser.me/api/portraits/women/46.jpg
199,https://randomuser.me/api/portraits/women/20.jpg
200,https://randomuser.me/api/portraits/women/3.jpg
201,https://randomuser.me/api/portraits/women/65.jpg
202,https://randomuser.me/api/portraits/women/49.jpg
203,https://randomuser.me/api/portraits/men/65.jpg
204,https://randomuser.me/api/portraits/women/46.jpg
205,https://randomuser.me/api/portraits/men/6.jpg
206,https://randomuser.me/api/portraits/women/39.jpg
207,https://randomuser.me/api/portraits/women/35.jpg
208,https://randomuser.me/api/portraits/men/71.jpg
209,https://randomuser.me/api/portraits/men/53.jpg
210,https://randomuser.me/api/portraits/women/89.jpg
211,https://randomuser.me/api/portraits/women/35.jpg
212,https://randomuser.me/api/portraits/women/63.jpg
213,https://randomuser.me/api/portraits/women/57.jpg
214,https://randomuser.me/api/portraits/women/59.jpg
215,https://randomuser.me/api/portraits/men/42.jpg
216,https://randomuser.me/api/portraits/men/2.jpg
217,https://randomuser.me/api/portraits/men/28.jpg
218,https://randomuser.me/api/portraits/men/65.jpg
219,https://randomuser.me/api/portraits/men/45.jpg
220,https://randomuser.me/api/portraits/men/88.jpg
221,https://randomuser.me/api/portraits/women/72.jpg
222,https://randomuser.me/api/portraits/women/44.jpg
223,https://randomuser.me/api/portraits/women/29.jpg
224,https://randomuser.me/api/portraits/women/5.jpg
225,https://randomuser.me/api/portraits/women/21.jpg
226,https://randomuser.me/api/portraits/women/40.jpg
227,https://randomuser.me/api/portraits/women/48.jpg
228,https://randomuser.me/api/portraits/men/41.jpg
229,https://randomuser.me/api/portraits/women/63.jpg
230,https://randomuser.me/api/portraits/women/34.jpg
231,https://randomuser.me/api/portraits/women/68.jpg
232,https://randomuser.me/api/portraits/women/55.jpg
233,https://randomuser.me/api/portraits/men/46.jpg
234,https://randomuser.me/api/portraits/men/28.jpg
235,https://randomuser.me/api/portraits/women/61.jpg
236,https://randomuser.me/api/portraits/women/8.jpg
237,https://randomuser.me/api/portraits/women/82.jpg
238,https://randomuser.me/api/portraits/women/73.jpg
239,https://randomuser.me/api/portraits/men/5.jpg
240,https://randomuser.me/api/portraits/women/84.jpg
241,https://randomuser.me/api/portraits/men/60.jpg
242,https://randomuser.me/api/portraits/men/29.jpg
243,https://randomuser.me/api/portraits/men/56.jpg
244,https://randomuser.me/api/portraits/men/91.jpg
245,https://randomuser.me/api/portraits/women/18.jpg
246,https://randomuser.me/api/portraits/men/20.jpg
247,https://randomuser.me/api/portraits/men/84.jpg
248,https://randomuser.me/api/portraits/men/54.jpg
249,https://randomuser.me/api/portraits/men/79.jpg
250,https://randomuser.me/api/portraits/women/76.jpg
251,https://randomuser.me/api/portraits/men/18.jpg
252,https://randomuser.me/api/portraits/men/34.jpg
253,https://randomuser.me/api/portraits/women/2.jpg
254,https://randomuser.me/api/portraits/women/65.jpg
255,https://randomuser.me/api/portraits/men/89.jpg
256,https://randomuser.me/api/portraits/men/83.jpg
257,https://randomuser.me/api/portraits/men/60.jpg
258,https://randomuser.me/api/portraits/men/28.jpg
259,https://randomuser.me/api/portraits/men/12.jpg
260,https://randomuser.me/api/portraits/men/50.jpg
261,https://randomuser.me/api/portraits/men/40.jpg
262,https://randomuser.me/api/portraits/women/33.jpg
263,https://randomuser.me/api/portraits/women/93.jpg
264,https://randomuser.me/api/portraits/women/47.jpg
265,https://randomuser.me/api/portraits/men/45.jpg
266,https://randomuser.me/api/portraits/men/72.jpg
267,https://randomuser.me/api/portraits/men/75.jpg
268,https://randomuser.me/api/portraits/women/12.jpg
269,https://randomuser.me/api/portraits/women/16.jpg
270,https://randomuser.me/api/portraits/women/84.jpg
271,https://randomuser.me/api/portraits/men/25.jpg
272,https://randomuser.me/api/portraits/women/6.jpg
273,https://randomuser.me/api/portraits/women/31.jpg
274,https://randomuser.me/api/portraits/women/66.jpg
275,https://randomuser.me/api/portraits/women/17.jpg
276,https://randomuser.me/api/portraits/women/5.jpg
277,https://randomuser.me/api/portraits/men/74.jpg
278,https://randomuser.me/api/portraits/men/99.jpg
279,https://randomuser.me/api/portraits/men/16.jpg
280,https://randomuser.me/api/portraits/women/40.jpg
281,https://randomuser.me/api/portraits/men/94.jpg
282,https://randomuser.me/api/portraits/women/48.jpg
283,https://randomuser.me/api/portraits/women/24.jpg
284,https://randomuser.me/api/portraits/men/56.jpg
285,https://randomuser.me/api/portraits/men/76.jpg
286,https://randomuser.me/api/portraits/women/51.jpg
287,https://randomuser.me/api/portraits/men/45.jpg
288,https://randomuser.me/api/portraits/men/96.jpg
289,https://randomuser.me/api/portraits/women/91.jpg
290,https://randomuser.me/api/portraits/women/17.jpg
291,https://randomuser.me/api/portraits/men/64.jpg
292,https://randomuser.me/api/portraits/men/34.jpg
293,https://randomuser.me/api/portraits/men/17.jpg
294,https://randomuser.me/api/portraits/men/55.jpg
295,https://randomuser.me/api/portraits/men/54.jpg
296,https://randomuser.me/api/portraits/men/57.jpg
297,https://randomuser.me/api/portraits/women/70.jpg
298,https://randomuser.me/api/portraits/men/8.jpg
299,https://randomuser.me/api/portraits/women/80.jpg
300,https://randomuser.me/api/portraits/men/82.jpg
301,https://randomuser.me/api/portraits/women/12.jpg
302,https://randomuser.me/api/portraits/women/93.jpg
303,https://randomuser.me/api/portraits/men/39.jpg
304,https://randomuser.me/api/portraits/women/5.jpg
305,https://randomuser.me/api/portraits/women/88.jpg
306,https://randomuser.me/api/portraits/men/78.jpg
307,https://randomuser.me/api/portraits/men/87.jpg
308,https://randomuser.me/api/portraits/men/54.jpg
309,https://randomuser.me/api/portraits/women/39.jpg
310,https://randomuser.me/api/portraits/men/1.jpg
311,https://randomuser.me/api/portraits/men/94.jpg
312,https://randomuser.me/api/portraits/women/29.jpg
313,https://randomuser.me/api/portraits/women/52.jpg
314,https://randomuser.me/api/portraits/women/47.jpg
315,https://randomuser.me/api/portraits/women/49.jpg
316,https://randomuser.me/api/portraits/men/73.jpg
317,https://randomuser.me/api/portraits/women/75.jpg
318,https://randomuser.me/api/portraits/men/71.jpg
319,https://randomuser.me/api/portraits/men/51.jpg
320,https://randomuser.me/api/portraits/men/87.jpg
321,https://randomuser.me/api/portraits/men/90.jpg
322,https://randomuser.me/api/portraits/men/64.jpg
323,https://randomuser.me/api/portraits/women/93.jpg
324,https://randomuser.me/api/portraits/men/87.jpg
325,https://randomuser.me/api/portraits/women/25.jpg
326,https://randomuser.me/api/portraits/women/60.jpg
327,https://randomuser.me/api/portraits/men/58.jpg
328,https://randomuser.me/api/portraits/men/4.jpg
329,https://randomuser.me/api/portraits/men/33.jpg
330,https://randomuser.me/api/portraits/women/41.jpg
331,https://randomuser.me/api/portraits/men/28.jpg
332,https://randomuser.me/api/portraits/men/9.jpg
333,https://randomuser.me/api/portraits/men/58.jpg
334,https://randomuser.me/api/portraits/men/22.jpg
335,https://randomuser.me/api/portraits/women/2.jpg
336,https://randomuser.me/api/portraits/women/36.jpg
337,https://randomuser.me/api/portraits/women/51.jpg
338,https://randomuser.me/api/portraits/women/2.jpg
339,https://randomuser.me/api/portraits/women/33.jpg
340,https://randomuser.me/api/portraits/women/29.jpg
341,https://randomuser.me/api/portraits/men/44.jpg
342,https://randomuser.me/api/portraits/men/79.jpg
343,https://randomuser.me/api/portraits/women/0.jpg
344,https://randomuser.me/api/portraits/men/90.jpg
345,https://randomuser.me/api/portraits/women/67.jpg
346,https://randomuser.me/api/portraits/women/35.jpg
347,https://randomuser.me/api/portraits/men/0.jpg
348,https://randomuser.me/api/portraits/women/37.jpg
349,https://randomuser.me/api/portraits/women/84.jpg
350,https://randomuser.me/api/portraits/women/60.jpg
351,https://randomuser.me/api/portraits/women/1.jpg
352,https://randomuser.me/api/portraits/women/61.jpg
353,https://randomuser.me/api/portraits/women/69.jpg
354,https://randomuser.me/api/portraits/men/44.jpg
355,https://randomuser.me/api/portraits/men/16.jpg
356,https://randomuser.me/api/portraits/men/66.jpg
357,https://randomuser.me/api/portraits/women/15.jpg
358,https://randomuser.me/api/portraits/men/99.jpg
359,https://randomuser.me/api/portraits/men/97.jpg
360,https://randomuser.me/api/portraits/women/29.jpg
361,https://randomuser.me/api/portraits/men/54.jpg
362,https://randomuser.me/api/portraits/women/89.jpg
363,https://randomuser.me/api/portraits/men/61.jpg
364,https://randomuser.me/api/portraits/men/21.jpg
365,https://randomuser.me/api/portraits/men/52.jpg
366,https://randomuser.me/api/portraits/women/89.jpg
367,https://randomuser.me/api/portraits/women/11.jpg
368,https://randomuser.me/api/portraits/men/33.jpg
369,https://randomuser.me/api/portraits/women/89.jpg
370,https://randomuser.me/api/portraits/women/34.jpg
371,https://randomuser.me/api/portraits/women/90.jpg
372,https://randomuser.me/api/portraits/men/42.jpg
373,https://randomuser.me/api/portraits/women/80.jpg
374,https://randomuser.me/api/portraits/women/69.jpg
375,https://randomuser.me/api/portraits/women/29.jpg
376,https://randomuser.me/api/portraits/men/86.jpg
377,https://randomuser.me/api/portraits/women/87.jpg
378,https://randomuser.me/api/portraits/men/98.jpg
379,https://randomuser.me/api/portraits/men/31.jpg
380,https://randomuser.me/api/portraits/women/29.jpg
381,https://randomuser.me/api/portraits/women/13.jpg
382,https://randomuser.me/api/portraits/women/21.jpg
383,https://randomuser.me/api/portraits/women/29.jpg
384,https://randomuser.me/api/portraits/women/80.jpg
385,https://randomuser.me/api/portraits/men/79.jpg
386,https://randomuser.me/api/portraits/men/7.jpg
387,https://randomuser.me/api/portraits/women/66.jpg
388,https://randomuser.me/api/portraits/men/32.jpg
389,https://randomuser.me/api/portraits/men/90.jpg
390,https://randomuser.me/api/portraits/men/5.jpg
391,https://randomuser.me/api/portraits/men/87.jpg
392,https://randomuser.me/api/portraits/men/2.jpg
393,https://randomuser.me/api/portraits/men/98.jpg
394,https://randomuser.me/api/portraits/men/99.jpg
395,https://randomuser.me/api/portraits/men/4.jpg
396,https://randomuser.me/api/portraits/women/17.jpg
397,https://randomuser.me/api/portraits/men/48.jpg
398,https://randomuser.me/api/portraits/women/64.jpg
399,https://randomuser.me/api/portraits/men/71.jpg
400,https://randomuser.me/api/portraits/men/35.jpg
401,https://randomuser.me/api/portraits/men/66.jpg
402,https://randomuser.me/api/portraits/women/2.jpg
403,https://randomuser.me/api/portraits/men/58.jpg
404,https://randomuser.me/api/portraits/men/34.jpg
405,https://randomuser.me/api/portraits/women/34.jpg
406,https://randomuser.me/api/portraits/men/50.jpg
407,https://randomuser.me/api/portraits/women/93.jpg
408,https://randomuser.me/api/portraits/men/76.jpg
409,https://randomuser.me/api/portraits/men/94.jpg
410,https://randomuser.me/api/portraits/women/30.jpg
411,https://randomuser.me/api/portraits/men/72.jpg
412,https://randomuser.me/api/portraits/women/92.jpg
413,https://randomuser.me/api/portraits/women/62.jpg
414,https://randomuser.me/api/portraits/women/68.jpg
415,https://randomuser.me/api/portraits/women/92.jpg
416,https://randomuser.me/api/portraits/women/31.jpg
417,https://randomuser.me/api/portraits/women/42.jpg
418,https://randomuser.me/api/portraits/women/49.jpg
419,https://randomuser.me/api/portraits/men/96.jpg
420,https://randomuser.me/api/portraits/women/27.jpg
421,https://randomuser.me/api/portraits/women/69.jpg
422,https://randomuser.me/api/portraits/women/94.jpg
423,https://randomuser.me/api/portraits/men/14.jpg
424,https://randomuser.me/api/portraits/men/17.jpg
425,https://randomuser.me/api/portraits/women/59.jpg
426,https://randomuser.me/api/portraits/men/0.jpg
427,https://randomuser.me/api/portraits/men/25.jpg
428,https://randomuser.me/api/portraits/men/56.jpg
429,https://randomuser.me/api/portraits/women/39.jpg
430,https://randomuser.me/api/portraits/women/11.jpg
431,https://randomuser.me/api/portraits/men/35.jpg
432,https://randomuser.me/api/portraits/men/51.jpg
433,https://randomuser.me/api/portraits/women/83.jpg
434,https://randomuser.me/api/portraits/men/89.jpg
435,https://randomuser.me/api/portraits/men/46.jpg
436,https://randomuser.me/api/portraits/women/21.jpg
437,https://randomuser.me/api/portraits/men/8.jpg
438,https://randomuser.me/api/portraits/men/88.jpg
439,https://randomuser.me/api/portraits/women/43.jpg
440,https://randomuser.me/api/portraits/men/99.jpg
441,https://randomuser.me/api/portraits/men/83.jpg
442,https://randomuser.me/api/portraits/women/45.jpg
443,https://randomuser.me/api/portraits/women/93.jpg
444,https://randomuser.me/api/portraits/women/78.jpg
445,https://randomuser.me/api/portraits/women/18.jpg
446,https://randomuser.me/api/portraits/men/9.jpg
447,https://randomuser.me/api/portraits/men/43.jpg
448,https://randomuser.me/api/portraits/women/12.jpg
449,https://randomuser.me/api/portraits/women/60.jpg
450,https://randomuser.me/api/portraits/men/1.jpg
451,https://randomuser.me/api/portraits/men/91.jpg
452,https://randomuser.me/api/portraits/men/72.jpg
453,https://randomuser.me/api/portraits/men/91.jpg
454,https://randomuser.me/api/portraits/men/63.jpg
455,https://randomuser.me/api/portraits/men/14.jpg
456,https://randomuser.me/api/portraits/women/0.jpg
457,https://randomuser.me/api/portraits/women/48.jpg
458,https://randomuser.me/api/portraits/women/19.jpg
459,https://randomuser.me/api/portraits/men/43.jpg
460,https://randomuser.me/api/portraits/women/19.jpg
461,https://randomuser.me/api/portraits/men/61.jpg
462,https://randomuser.me/api/portraits/men/40.jpg
463,https://randomuser.me/api/portraits/women/72.jpg
464,https://randomuser.me/api/portraits/men/98.jpg
465,https://randomuser.me/api/portraits/men/74.jpg
466,https://randomuser.me/api/portraits/men/24.jpg
467,https://randomuser.me/api/portraits/women/30.jpg
468,https://randomuser.me/api/portraits/men/53.jpg
469,https://randomuser.me/api/portraits/men/70.jpg
470,https://randomuser.me/api/portraits/women/25.jpg
471,https://randomuser.me/api/portraits/men/32.jpg
472,https://randomuser.me/api/portraits/men/99.jpg
473,https://randomuser.me/api/portraits/women/57.jpg
474,https://randomuser.me/api/portraits/women/26.jpg
475,https://randomuser.me/api/portraits/women/90.jpg
476,https://randomuser.me/api/portraits/men/72.jpg
477,https://randomuser.me/api/portraits/women/66.jpg
478,https://randomuser.me/api/portraits/women/44.jpg
479,https://randomuser.me/api/portraits/men/46.jpg
480,https://randomuser.me/api/portraits/women/35.jpg
481,https://randomuser.me/api/portraits/women/30.jpg
482,https://randomuser.me/api/portraits/women/68.jpg
483,https://randomuser.me/api/portraits/women/75.jpg
484,https://randomuser.me/api/portraits/men/24.jpg
485,https://randomuser.me/api/portraits/men/13.jpg
486,https://randomuser.me/api/portraits/men/86.jpg
487,https://randomuser.me/api/portraits/women/94.jpg
488,https://randomuser.me/api/portraits/women/72.jpg
489,https://randomuser.me/api/portraits/women/19.jpg
490,https://randomuser.me/api/portraits/men/22.jpg
491,https://randomuser.me/api/portraits/women/43.jpg
492,https://randomuser.me/api/portraits/men/28.jpg
493,https://randomuser.me/api/portraits/men/60.jpg
494,https://randomuser.me/api/portraits/men/90.jpg
495,https://randomuser.me/api/portraits/women/57.jpg
496,https://randomuser.me/api/portraits/men/19.jpg
497,https://randomuser.me/api/portraits/men/19.jpg
498,https://randomuser.me/api/portraits/men/5.jpg
499,https://randomuser.me/api/portraits/women/69.jpg
500,https://randomuser.me/api/portraits/men/72.jpg
501,https://randomuser.me/api/portraits/women/88.jpg
502,https://randomuser.me/api/portraits/women/59.jpg
503,https://randomuser.me/api/portraits/women/16.jpg
504,https://randomuser.me/api/portraits/women/54.jpg
505,https://randomuser.me/api/portraits/men/0.jpg
506,https://randomuser.me/api/portraits/men/69.jpg
507,https://randomuser.me/api/portraits/women/81.jpg
508,https://randomuser.me/api/portraits/women/39.jpg
509,https://randomuser.me/api/portraits/men/22.jpg
510,https://randomuser.me/api/portraits/women/94.jpg
511,https://randomuser.me/api/portraits/women/76.jpg
512,https://randomuser.me/api/portraits/men/67.jpg
513,https://randomuser.me/api/portraits/men/53.jpg
514,https://randomuser.me/api/portraits/women/11.jpg
515,https://randomuser.me/api/portraits/women/21.jpg
516,https://randomuser.me/api/portraits/women/43.jpg
517,https://randomuser.me/api/portraits/men/59.jpg
518,https://randomuser.me/api/portraits/men/76.jpg
519,https://randomuser.me/api/portraits/women/54.jpg
520,https://randomuser.me/api/portraits/women/61.jpg
521,https://randomuser.me/api/portraits/women/83.jpg
522,https://randomuser.me/api/portraits/women/27.jpg
523,https://randomuser.me/api/portraits/men/1.jpg
524,https://randomuser.me/api/portraits/women/65.jpg
525,https://randomuser.me/api/portraits/women/41.jpg
526,https://randomuser.me/api/portraits/men/37.jpg
527,https://randomuser.me/api/portraits/women/44.jpg
528,https://randomuser.me/api/portraits/women/5.jpg
529,https://randomuser.me/api/portraits/men/50.jpg
530,https://randomuser.me/api/portraits/women/96.jpg
531,https://randomuser.me/api/portraits/women/77.jpg
532,https://randomuser.me/api/portraits/men/63.jpg
533,https://randomuser.me/api/portraits/women/27.jpg
534,https://randomuser.me/api/portraits/women/55.jpg
535,https://randomuser.me/api/portraits/women/74.jpg
536,https://randomuser.me/api/portraits/men/87.jpg
537,https://randomuser.me/api/portraits/women/48.jpg
538,https://randomuser.me/api/portraits/women/19.jpg
539,https://randomuser.me/api/portraits/women/81.jpg
540,https://randomuser.me/api/portraits/men/97.jpg
541,https://randomuser.me/api/portraits/men/17.jpg
542,https://randomuser.me/api/portraits/women/4.jpg
543,https://randomuser.me/api/portraits/women/9.jpg
544,https://randomuser.me/api/portraits/women/20.jpg
545,https://randomuser.me/api/portraits/women/88.jpg
546,https://randomuser.me/api/portraits/women/54.jpg
547,https://randomuser.me/api/portraits/women/92.jpg
548,https://randomuser.me/api/portraits/men/48.jpg
549,https://randomuser.me/api/portraits/men/63.jpg
550,https://randomuser.me/api/portraits/men/82.jpg
551,https://randomuser.me/api/portraits/men/17.jpg
552,https://randomuser.me/api/portraits/women/45.jpg
553,https://randomuser.me/api/portraits/men/81.jpg
554,https://randomuser.me/api/portraits/men/97.jpg
555,https://randomuser.me/api/portraits/women/71.jpg
556,https://randomuser.me/api/portraits/women/46.jpg
557,https://randomuser.me/api/portraits/men/4.jpg
558,https://randomuser.me/api/portraits/men/39.jpg
559,https://randomuser.me/api/portraits/women/84.jpg
560,https://randomuser.me/api/portraits/men/85.jpg
561,https://randomuser.me/api/portraits/women/68.jpg
562,https://randomuser.me/api/portraits/women/6.jpg
563,https://randomuser.me/api/portraits/men/4.jpg
564,https://randomuser.me/api/portraits/men/33.jpg
565,https://randomuser.me/api/portraits/men/45.jpg
566,https://randomuser.me/api/portraits/men/59.jpg
567,https://randomuser.me/api/portraits/women/38.jpg
568,https://randomuser.me/api/portraits/men/80.jpg
569,https://randomuser.me/api/portraits/men/26.jpg
570,https://randomuser.me/api/portraits/women/9.jpg
571,https://randomuser.me/api/portraits/women/39.jpg
572,https://randomuser.me/api/portraits/women/68.jpg
573,https://randomuser.me/api/portraits/women/32.jpg
574,https://randomuser.me/api/portraits/men/9.jpg
575,https://randomuser.me/api/portraits/women/82.jpg
576,https://randomuser.me/api/portraits/women/74.jpg
577,https://randomuser.me/api/portraits/men/43.jpg
578,https://randomuser.me/api/portraits/women/34.jpg
579,https://randomuser.me/api/portraits/women/94.jpg
580,https://randomuser.me/api/portraits/women/48.jpg
581,https://randomuser.me/api/portraits/women/64.jpg
582,https://randomuser.me/api/portraits/men/21.jpg
583,https://randomuser.me/api/portraits/women/14.jpg
584,https://randomuser.me/api/portraits/women/76.jpg
585,https://randomuser.me/api/portraits/women/8.jpg
586,https://randomuser.me/api/portraits/men/69.jpg
587,https://randomuser.me/api/portraits/women/83.jpg
588,https://randomuser.me/api/portraits/women/59.jpg
589,https://randomuser.me/api/portraits/men/21.jpg
590,https://randomuser.me/api/portraits/men/62.jpg
591,https://randomuser.me/api/portraits/men/57.jpg
592,https://randomuser.me/api/portraits/men/19.jpg
593,https://randomuser.me/api/portraits/men/76.jpg
594,https://randomuser.me/api/portraits/women/37.jpg
595,https://randomuser.me/api/portraits/women/65.jpg
596,https://randomuser.me/api/portraits/men/24.jpg
597,https://randomuser.me/api/portraits/men/58.jpg
598,https://randomuser.me/api/portraits/women/1.jpg
599,https://randomuser.me/api/portraits/men/44.jpg
600,https://randomuser.me/api/portraits/women/82.jpg
601,https://randomuser.me/api/portraits/men/16.jpg
602,https://randomuser.me/api/portraits/women/53.jpg
603,https://randomuser.me/api/portraits/women/16.jpg
604,https://randomuser.me/api/portraits/women/72.jpg
605,https://randomuser.me/api/portraits/women/84.jpg
606,https://randomuser.me/api/portraits/women/24.jpg
607,https://randomuser.me/api/portraits/women/56.jpg
608,https://randomuser.me/api/portraits/men/0.jpg
609,https://randomuser.me/api/portraits/men/25.jpg
610,https://randomuser.me/api/portraits/men/96.jpg
611,https://randomuser.me/api/portraits/women/93.jpg
612,https://randomuser.me/api/portraits/men/72.jpg
613,https://randomuser.me/api/portraits/men/69.jpg
614,https://randomuser.me/api/portraits/women/77.jpg
615,https://randomuser.me/api/portraits/women/93.jpg
616,https://randomuser.me/api/portraits/women/44.jpg
617,https://randomuser.me/api/portraits/women/2.jpg
618,https://randomuser.me/api/portraits/men/34.jpg
619,https://randomuser.me/api/portraits/men/32.jpg
620,https://randomuser.me/api/portraits/women/55.jpg
621,https://randomuser.me/api/portraits/women/80.jpg
622,https://randomuser.me/api/portraits/women/79.jpg
623,https://randomuser.me/api/portraits/women/60.jpg
624,https://randomuser.me/api/portraits/men/56.jpg
625,https://randomuser.me/api/portraits/women/44.jpg
626,https://randomuser.me/api/portraits/men/92.jpg
627,https://randomuser.me/api/portraits/women/32.jpg
628,https://randomuser.me/api/portraits/men/84.jpg
629,https://randomuser.me/api/portraits/women/23.jpg
630,https://randomuser.me/api/portraits/women/57.jpg
631,https://randomuser.me/api/portraits/women/32.jpg
632,https://randomuser.me/api/portraits/men/44.jpg
633,https://randomuser.me/api/portraits/women/39.jpg
634,https://randomuser.me/api/portraits/women/15.jpg
635,https://randomuser.me/api/portraits/women/0.jpg
636,https://randomuser.me/api/portraits/women/88.jpg
637,https://randomuser.me/api/portraits/women/42.jpg
638,https://randomuser.me/api/portraits/women/3.jpg
639,https://randomuser.me/api/portraits/women/17.jpg
640,https://randomuser.me/api/portraits/men/98.jpg
641,https://randomuser.me/api/portraits/men/63.jpg
642,https://randomuser.me/api/portraits/women/50.jpg
643,https://randomuser.me/api/portraits/women/56.jpg
644,https://randomuser.me/api/portraits/men/20.jpg
645,https://randomuser.me/api/portraits/men/80.jpg
646,https://randomuser.me/api/portraits/women/96.jpg
647,https://randomuser.me/api/portraits/men/75.jpg
648,https://randomuser.me/api/portraits/women/21.jpg
649,https://randomuser.me/api/portraits/women/83.jpg
650,https://randomuser.me/api/portraits/men/62.jpg
651,https://randomuser.me/api/portraits/men/25.jpg
652,https://randomuser.me/api/portraits/men/76.jpg
653,https://randomuser.me/api/portraits/women/7.jpg
654,https://randomuser.me/api/portraits/men/5.jpg
655,https://randomuser.me/api/portraits/women/68.jpg
656,https://randomuser.me/api/portraits/women/92.jpg
657,https://randomuser.me/api/portraits/women/96.jpg
658,https://randomuser.me/api/portraits/men/64.jpg
659,https://randomuser.me/api/portraits/men/19.jpg
660,https://randomuser.me/api/portraits/women/83.jpg
661,https://randomuser.me/api/portraits/women/37.jpg
662,https://randomuser.me/api/portraits/women/24.jpg
663,https://randomuser.me/api/portraits/men/99.jpg
664,https://randomuser.me/api/portraits/men/92.jpg
665,https://randomuser.me/api/portraits/men/93.jpg
666,https://randomuser.me/api/portraits/women/17.jpg
667,https://randomuser.me/api/portraits/men/22.jpg
668,https://randomuser.me/api/portraits/women/9.jpg
669,https://randomuser.me/api/portraits/women/63.jpg
670,https://randomuser.me/api/portraits/women/47.jpg
671,https://randomuser.me/api/portraits/men/35.jpg
672,https://randomuser.me/api/portraits/women/78.jpg
673,https://randomuser.me/api/portraits/women/11.jpg
674,https://randomuser.me/api/portraits/women/7.jpg
675,https://randomuser.me/api/portraits/men/29.jpg
676,https://randomuser.me/api/portraits/men/51.jpg
677,https://randomuser.me/api/portraits/men/15.jpg
678,https://randomuser.me/api/portraits/men/94.jpg
679,https://randomuser.me/api/portraits/women/55.jpg
680,https://randomuser.me/api/portraits/women/2.jpg
681,https://randomuser.me/api/portraits/women/5.jpg
682,https://randomuser.me/api/portraits/women/37.jpg
683,https://randomuser.me/api/portraits/men/26.jpg
684,https://randomuser.me/api/portraits/men/41.jpg
685,https://randomuser.me/api/portraits/women/30.jpg
686,https://randomuser.me/api/portraits/women/21.jpg
687,https://randomuser.me/api/portraits/women/13.jpg
688,https://randomuser.me/api/portraits/women/50.jpg
689,https://randomuser.me/api/portraits/men/21.jpg
690,https://randomuser.me/api/portraits/men/13.jpg
691,https://randomuser.me/api/portraits/women/31.jpg
692,https://randomuser.me/api/portraits/women/40.jpg
693,https://randomuser.me/api/portraits/men/0.jpg
694,https://randomuser.me/api/portraits/women/68.jpg
695,https://randomuser.me/api/portraits/men/15.jpg
696,https://randomuser.me/api/portraits/women/13.jpg
697,https://randomuser.me/api/portraits/men/90.jpg
698,https://randomuser.me/api/portraits/women/42.jpg
699,https://randomuser.me/api/portraits/women/87.jpg
700,https://randomuser.me/api/portraits/women/4.jpg
701,https://randomuser.me/api/portraits/men/18.jpg
702,https://randomuser.me/api/portraits/women/11.jpg
703,https://randomuser.me/api/portraits/men/75.jpg
704,https://randomuser.me/api/portraits/women/18.jpg
705,https://randomuser.me/api/portraits/men/38.jpg
706,https://randomuser.me/api/portraits/men/70.jpg
707,https://randomuser.me/api/portraits/women/72.jpg
708,https://randomuser.me/api/portraits/men/73.jpg
709,https://randomuser.me/api/portraits/women/45.jpg
710,https://randomuser.me/api/portraits/women/61.jpg
711,https://randomuser.me/api/portraits/men/83.jpg
712,https://randomuser.me/api/portraits/men/14.jpg
713,https://randomuser.me/api/portraits/women/87.jpg
714,https://randomuser.me/api/portraits/men/46.jpg
715,https://randomuser.me/api/portraits/men/29.jpg
716,https://randomuser.me/api/portraits/women/43.jpg
717,https://randomuser.me/api/portraits/women/69.jpg
718,https://randomuser.me/api/portraits/men/35.jpg
719,https://randomuser.me/api/portraits/women/21.jpg
720,https://randomuser.me/api/portraits/men/50.jpg
721,https://randomuser.me/api/portraits/women/19.jpg
722,https://randomuser.me/api/portraits/men/88.jpg
723,https://randomuser.me/api/portraits/women/78.jpg
724,https://randomuser.me/api/portraits/women/92.jpg
725,https://randomuser.me/api/portraits/women/87.jpg
726,https://randomuser.me/api/portraits/women/70.jpg
727,https://randomuser.me/api/portraits/men/11.jpg
728,https://randomuser.me/api/portraits/men/49.jpg
729,https://randomuser.me/api/portraits/women/92.jpg
730,https://randomuser.me/api/portraits/women/91.jpg
731,https://randomuser.me/api/portraits/women/9.jpg
732,https://randomuser.me/api/portraits/women/38.jpg
733,https://randomuser.me/api/portraits/men/49.jpg
734,https://randomuser.me/api/portraits/women/44.jpg
735,https://randomuser.me/api/portraits/women/21.jpg
736,https://randomuser.me/api/portraits/women/28.jpg
737,https://randomuser.me/api/portraits/women/48.jpg
738,https://randomuser.me/api/portraits/men/97.jpg
739,https://randomuser.me/api/portraits/women/83.jpg
740,https://randomuser.me/api/portraits/women/21.jpg
741,https://randomuser.me/api/portraits/women/59.jpg
742,https://randomuser.me/api/portraits/women/30.jpg
743,https://randomuser.me/api/portraits/women/90.jpg
744,https://randomuser.me/api/portraits/women/33.jpg
745,https://randomuser.me/api/portraits/men/87.jpg
746,https://randomuser.me/api/portraits/men/96.jpg
747,https://randomuser.me/api/portraits/women/54.jpg
748,https://randomuser.me/api/portraits/women/90.jpg
749,https://randomuser.me/api/portraits/men/21.jpg
750,https://randomuser.me/api/portraits/women/9.jpg
751,https://randomuser.me/api/portraits/women/82.jpg
752,https://randomuser.me/api/portraits/men/18.jpg
753,https://randomuser.me/api/portraits/women/92.jpg
754,https://randomuser.me/api/portraits/men/88.jpg
755,https://randomuser.me/api/portraits/men/37.jpg
756,https://randomuser.me/api/portraits/men/18.jpg
757,https://randomuser.me/api/portraits/men/99.jpg
758,https://randomuser.me/api/portraits/women/70.jpg
759,https://randomuser.me/api/portraits/women/34.jpg
760,https://randomuser.me/api/portraits/women/6.jpg
761,https://randomuser.me/api/portraits/men/20.jpg
762,https://randomuser.me/api/portraits/men/61.jpg
763,https://randomuser.me/api/portraits/men/81.jpg
764,https://randomuser.me/api/portraits/women/43.jpg
765,https://randomuser.me/api/portraits/women/68.jpg
766,https://randomuser.me/api/portraits/women/92.jpg
767,https://randomuser.me/api/portraits/women/22.jpg
768,https://randomuser.me/api/portraits/women/6.jpg
769,https://randomuser.me/api/portraits/women/3.jpg
770,https://randomuser.me/api/portraits/men/62.jpg
771,https://randomuser.me/api/portraits/women/36.jpg
772,https://randomuser.me/api/portraits/women/83.jpg
773,https://randomuser.me/api/portraits/men/3.jpg
774,https://randomuser.me/api/portraits/men/22.jpg
775,https://randomuser.me/api/portraits/women/16.jpg
776,https://randomuser.me/api/portraits/women/76.jpg
777,https://randomuser.me/api/portraits/women/84.jpg
778,https://randomuser.me/api/portraits/women/44.jpg
779,https://randomuser.me/api/portraits/women/15.jpg
780,https://randomuser.me/api/portraits/men/40.jpg
781,https://randomuser.me/api/portraits/women/28.jpg
782,https://randomuser.me/api/portraits/women/54.jpg
783,https://randomuser.me/api/portraits/men/52.jpg
784,https://randomuser.me/api/portraits/women/80.jpg
785,https://randomuser.me/api/portraits/women/8.jpg
786,https://randomuser.me/api/portraits/women/19.jpg
787,https://randomuser.me/api/portraits/men/38.jpg
788,https://randomuser.me/api/portraits/women/57.jpg
789,https://randomuser.me/api/portraits/men/17.jpg
790,https://randomuser.me/api/portraits/women/42.jpg
791,https://randomuser.me/api/portraits/men/70.jpg
792,https://randomuser.me/api/portraits/women/41.jpg
793,https://randomuser.me/api/portraits/women/1.jpg
794,https://randomuser.me/api/portraits/men/91.jpg
795,https://randomuser.me/api/portraits/men/57.jpg
796,https://randomuser.me/api/portraits/men/86.jpg
797,https://randomuser.me/api/portraits/women/79.jpg
798,https://randomuser.me/api/portraits/men/11.jpg
799,https://randomuser.me/api/portraits/men/42.jpg
800,https://randomuser.me/api/portraits/women/58.jpg
801,https://randomuser.me/api/portraits/men/86.jpg
802,https://randomuser.me/api/portraits/men/30.jpg
803,https://randomuser.me/api/portraits/women/94.jpg
804,https://randomuser.me/api/portraits/men/8.jpg
805,https://randomuser.me/api/portraits/women/13.jpg
806,https://randomuser.me/api/portraits/women/75.jpg
807,https://randomuser.me/api/portraits/women/6.jpg
808,https://randomuser.me/api/portraits/women/45.jpg
809,https://randomuser.me/api/portraits/women/95.jpg
810,https://randomuser.me/api/portraits/women/36.jpg
811,https://randomuser.me/api/portraits/men/30.jpg
812,https://randomuser.me/api/portraits/women/81.jpg
813,https://randomuser.me/api/portraits/men/16.jpg
814,https://randomuser.me/api/portraits/women/83.jpg
815,https://randomuser.me/api/portraits/men/64.jpg
816,https://randomuser.me/api/portraits/women/67.jpg
817,https://randomuser.me/api/portraits/women/3.jpg
818,https://randomuser.me/api/portraits/women/45.jpg
819,https://randomuser.me/api/portraits/women/32.jpg
820,https://randomuser.me/api/portraits/women/43.jpg
821,https://randomuser.me/api/portraits/men/66.jpg
822,https://randomuser.me/api/portraits/men/10.jpg
823,https://randomuser.me/api/portraits/men/34.jpg
824,https://randomuser.me/api/portraits/women/18.jpg
825,https://randomuser.me/api/portraits/men/81.jpg
826,https://randomuser.me/api/portraits/women/54.jpg
827,https://randomuser.me/api/portraits/men/7.jpg
828,https://randomuser.me/api/portraits/women/2.jpg
829,https://randomuser.me/api/portraits/men/13.jpg
830,https://randomuser.me/api/portraits/women/74.jpg
831,https://randomuser.me/api/portraits/women/67.jpg
832,https://randomuser.me/api/portraits/men/77.jpg
833,https://randomuser.me/api/portraits/men/20.jpg
834,https://randomuser.me/api/portraits/men/37.jpg
835,https://randomuser.me/api/portraits/men/34.jpg
836,https://randomuser.me/api/portraits/women/27.jpg
837,https://randomuser.me/api/portraits/men/37.jpg
838,https://randomuser.me/api/portraits/women/22.jpg
839,https://randomuser.me/api/portraits/women/84.jpg
840,https://randomuser.me/api/portraits/women/38.jpg
841,https://randomuser.me/api/portraits/men/81.jpg
842,https://randomuser.me/api/portraits/women/69.jpg
843,https://randomuser.me/api/portraits/women/69.jpg
844,https://randomuser.me/api/portraits/women/8.jpg
845,https://randomuser.me/api/portraits/women/75.jpg
846,https://randomuser.me/api/portraits/women/24.jpg
847,https://randomuser.me/api/portraits/men/19.jpg
848,https://randomuser.me/api/portraits/men/61.jpg
849,https://randomuser.me/api/portraits/men/69.jpg
850,https://randomuser.me/api/portraits/women/94.jpg
851,https://randomuser.me/api/portraits/women/15.jpg
852,https://randomuser.me/api/portraits/women/44.jpg
853,https://randomuser.me/api/portraits/men/61.jpg
854,https://randomuser.me/api/portraits/women/44.jpg
855,https://randomuser.me/api/portraits/women/38.jpg
856,https://randomuser.me/api/portraits/women/65.jpg
857,https://randomuser.me/api/portraits/women/29.jpg
858,https://randomuser.me/api/portraits/women/28.jpg
859,https://randomuser.me/api/portraits/women/71.jpg
860,https://randomuser.me/api/portraits/women/91.jpg
861,https://randomuser.me/api/portraits/women/62.jpg
862,https://randomuser.me/api/portraits/men/75.jpg
863,https://randomuser.me/api/portraits/men/46.jpg
864,https://randomuser.me/api/portraits/men/45.jpg
865,https://randomuser.me/api/portraits/women/71.jpg
866,https://randomuser.me/api/portraits/men/40.jpg
867,https://randomuser.me/api/portraits/men/37.jpg
868,https://randomuser.me/api/portraits/women/53.jpg
869,https://randomuser.me/api/portraits/men/75.jpg
870,https://randomuser.me/api/portraits/women/73.jpg
871,https://randomuser.me/api/portraits/men/53.jpg
872,https://randomuser.me/api/portraits/men/84.jpg
873,https://randomuser.me/api/portraits/women/65.jpg
874,https://randomuser.me/api/portraits/women/21.jpg
875,https://randomuser.me/api/portraits/women/6.jpg
876,https://randomuser.me/api/portraits/women/68.jpg
877,https://randomuser.me/api/portraits/women/51.jpg
878,https://randomuser.me/api/portraits/women/11.jpg
879,https://randomuser.me/api/portraits/women/74.jpg
880,https://randomuser.me/api/portraits/men/96.jpg
881,https://randomuser.me/api/portraits/men/71.jpg
882,https://randomuser.me/api/portraits/men/34.jpg
883,https://randomuser.me/api/portraits/men/26.jpg
884,https://randomuser.me/api/portraits/men/44.jpg
885,https://randomuser.me/api/portraits/women/83.jpg
886,https://randomuser.me/api/portraits/men/61.jpg
887,https://randomuser.me/api/portraits/women/67.jpg
888,https://randomuser.me/api/portraits/men/65.jpg
889,https://randomuser.me/api/portraits/men/61.jpg
890,https://randomuser.me/api/portraits/women/93.jpg
891,https://randomuser.me/api/portraits/men/5.jpg
892,https://randomuser.me/api/portraits/women/43.jpg
893,https://randomuser.me/api/portraits/men/99.jpg
894,https://randomuser.me/api/portraits/women/75.jpg
895,https://randomuser.me/api/portraits/women/67.jpg
896,https://randomuser.me/api/portraits/men/72.jpg
897,https://randomuser.me/api/portraits/men/83.jpg
898,https://randomuser.me/api/portraits/men/36.jpg
899,https://randomuser.me/api/portraits/women/28.jpg
900,https://randomuser.me/api/portraits/men/36.jpg
901,https://randomuser.me/api/portraits/men/2.jpg
902,https://randomuser.me/api/portraits/women/72.jpg
903,https://randomuser.me/api/portraits/men/18.jpg
904,https://randomuser.me/api/portraits/men/68.jpg
905,https://randomuser.me/api/portraits/men/20.jpg
906,https://randomuser.me/api/portraits/women/79.jpg
907,https://randomuser.me/api/portraits/women/75.jpg
908,https://randomuser.me/api/portraits/men/92.jpg
909,https://randomuser.me/api/portraits/women/3.jpg
910,https://randomuser.me/api/portraits/women/52.jpg
911,https://randomuser.me/api/portraits/men/33.jpg
912,https://randomuser.me/api/portraits/women/53.jpg
913,https://randomuser.me/api/portraits/women/93.jpg
914,https://randomuser.me/api/portraits/women/6.jpg
915,https://randomuser.me/api/portraits/women/28.jpg
916,https://randomuser.me/api/portraits/women/69.jpg
917,https://randomuser.me/api/portraits/men/44.jpg
918,https://randomuser.me/api/portraits/women/83.jpg
919,https://randomuser.me/api/portraits/women/92.jpg
920,https://randomuser.me/api/portraits/men/5.jpg
921,https://randomuser.me/api/portraits/men/86.jpg
922,https://randomuser.me/api/portraits/men/62.jpg
923,https://randomuser.me/api/portraits/men/43.jpg
924,https://randomuser.me/api/portraits/women/92.jpg
925,https://randomuser.me/api/portraits/men/7.jpg
926,https://randomuser.me/api/portraits/men/40.jpg
927,https://randomuser.me/api/portraits/men/93.jpg
928,https://randomuser.me/api/portraits/women/55.jpg
929,https://randomuser.me/api/portraits/women/80.jpg
930,https://randomuser.me/api/portraits/women/74.jpg
931,https://randomuser.me/api/portraits/women/2.jpg
932,https://randomuser.me/api/portraits/women/10.jpg
933,https://randomuser.me/api/portraits/women/21.jpg
934,https://randomuser.me/api/portraits/men/43.jpg
935,https://randomuser.me/api/portraits/men/55.jpg
936,https://randomuser.me/api/portraits/men/0.jpg
937,https://randomuser.me/api/portraits/men/62.jpg
938,https://randomuser.me/api/portraits/men/65.jpg
939,https://randomuser.me/api/portraits/women/70.jpg
940,https://randomuser.me/api/portraits/women/57.jpg
941,https://randomuser.me/api/portraits/men/55.jpg
942,https://randomuser.me/api/portraits/men/97.jpg
943,https://randomuser.me/api/portraits/men/71.jpg
944,https://randomuser.me/api/portraits/women/6.jpg
945,https://randomuser.me/api/portraits/women/85.jpg
946,https://randomuser.me/api/portraits/men/99.jpg
947,https://randomuser.me/api/portraits/men/77.jpg
948,https://randomuser.me/api/portraits/women/24.jpg
949,https://randomuser.me/api/portraits/men/63.jpg
950,https://randomuser.me/api/portraits/women/27.jpg
951,https://randomuser.me/api/portraits/women/0.jpg
952,https://randomuser.me/api/portraits/women/72.jpg
953,https://randomuser.me/api/portraits/men/66.jpg
954,https://randomuser.me/api/portraits/women/51.jpg
955,https://randomuser.me/api/portraits/men/23.jpg
956,https://randomuser.me/api/portraits/men/92.jpg
957,https://randomuser.me/api/portraits/men/42.jpg
958,https://randomuser.me/api/portraits/women/1.jpg
959,https://randomuser.me/api/portraits/women/41.jpg
960,https://randomuser.me/api/portraits/women/27.jpg
961,https://randomuser.me/api/portraits/women/10.jpg
962,https://randomuser.me/api/portraits/men/0.jpg
963,https://randomuser.me/api/portraits/women/5.jpg
964,https://randomuser.me/api/portraits/men/8.jpg
965,https://randomuser.me/api/portraits/men/62.jpg
966,https://randomuser.me/api/portraits/men/70.jpg
967,https://randomuser.me/api/portraits/women/50.jpg
968,https://randomuser.me/api/portraits/men/4.jpg
969,https://randomuser.me/api/portraits/women/64.jpg
970,https://randomuser.me/api/portraits/men/82.jpg
971,https://randomuser.me/api/portraits/men/28.jpg
972,https://randomuser.me/api/portraits/men/8.jpg
973,https://randomuser.me/api/portraits/men/47.jpg
974,https://randomuser.me/api/portraits/men/10.jpg
975,https://randomuser.me/api/portraits/men/84.jpg
976,https://randomuser.me/api/portraits/men/58.jpg
977,https://randomuser.me/api/portraits/women/56.jpg
978,https://randomuser.me/api/portraits/women/15.jpg
979,https://randomuser.me/api/portraits/women/36.jpg
980,https://randomuser.me/api/portraits/men/37.jpg
981,https://randomuser.me/api/portraits/women/65.jpg
982,https://randomuser.me/api/portraits/women/83.jpg
983,https://randomuser.me/api/portraits/men/30.jpg
984,https://randomuser.me/api/portraits/women/20.jpg
985,https://randomuser.me/api/portraits/men/22.jpg
986,https://randomuser.me/api/portraits/men/45.jpg
987,https://randomuser.me/api/portraits/women/76.jpg
988,https://randomuser.me/api/portraits/women/0.jpg
989,https://randomuser.me/api/portraits/women/67.jpg
990,https://randomuser.me/api/portraits/men/77.jpg
991,https://randomuser.me/api/portraits/men/41.jpg
992,https://randomuser.me/api/portraits/men/72.jpg
993,https://randomuser.me/api/portraits/women/71.jpg
994,https://randomuser.me/api/portraits/women/75.jpg
995,https://randomuser.me/api/portraits/women/90.jpg
996,https://randomuser.me/api/portraits/men/80.jpg
997,https://randomuser.me/api/portraits/women/54.jpg
998,https://randomuser.me/api/portraits/men/29.jpg
999,https://randomuser.me/api/portraits/women/39.jpg
1000,https://randomuser.me/api/portraits/women/84.jpg
1001,https://randomuser.me/api/portraits/women/31.jpg
1002,https://randomuser.me/api/portraits/men/66.jpg
1003,https://randomuser.me/api/portraits/men/97.jpg
1004,https://randomuser.me/api/portraits/women/89.jpg
1005,https://randomuser.me/api/portraits/men/51.jpg
1006,https://randomuser.me/api/portraits/men/65.jpg
1007,https://randomuser.me/api/portraits/men/11.jpg
1008,https://randomuser.me/api/portraits/women/13.jpg
1009,https://randomuser.me/api/portraits/men/36.jpg
1010,https://randomuser.me/api/portraits/women/56.jpg
1011,https://randomuser.me/api/portraits/women/61.jpg
1012,https://randomuser.me/api/portraits/men/3.jpg
1013,https://randomuser.me/api/portraits/men/86.jpg
1014,https://randomuser.me/api/portraits/women/37.jpg
1015,https://randomuser.me/api/portraits/women/56.jpg
1016,https://randomuser.me/api/portraits/men/19.jpg
1017,https://randomuser.me/api/portraits/men/28.jpg
1018,https://randomuser.me/api/portraits/women/58.jpg
1019,https://randomuser.me/api/portraits/men/46.jpg
1020,https://randomuser.me/api/portraits/women/89.jpg
1021,https://randomuser.me/api/portraits/men/83.jpg
1022,https://randomuser.me/api/portraits/men/45.jpg
1023,https://randomuser.me/api/portraits/men/25.jpg
1024,https://randomuser.me/api/portraits/men/89.jpg
1025,https://randomuser.me/api/portraits/women/76.jpg
1026,https://randomuser.me/api/portraits/men/55.jpg
1027,https://randomuser.me/api/portraits/men/94.jpg
1028,https://randomuser.me/api/portraits/women/87.jpg
1029,https://randomuser.me/api/portraits/men/8.jpg
1030,https://randomuser.me/api/portraits/women/32.jpg
1031,https://randomuser.me/api/portraits/men/64.jpg
1032,https://randomuser.me/api/portraits/men/41.jpg
1033,https://randomuser.me/api/portraits/women/5.jpg
1034,https://randomuser.me/api/portraits/women/79.jpg
1035,https://randomuser.me/api/portraits/women/69.jpg
1036,https://randomuser.me/api/portraits/men/2.jpg
1037,https://randomuser.me/api/portraits/men/62.jpg
1038,https://randomuser.me/api/portraits/women/52.jpg
1039,https://randomuser.me/api/portraits/women/1.jpg
1040,https://randomuser.me/api/portraits/men/8.jpg
1041,https://randomuser.me/api/portraits/men/31.jpg
1042,https://randomuser.me/api/portraits/men/5.jpg
1043,https://randomuser.me/api/portraits/men/38.jpg
1044,https://randomuser.me/api/portraits/women/69.jpg
1045,https://randomuser.me/api/portraits/women/79.jpg
1046,https://randomuser.me/api/portraits/men/55.jpg
1047,https://randomuser.me/api/portraits/men/54.jpg
1048,https://randomuser.me/api/portraits/women/23.jpg
1049,https://randomuser.me/api/portraits/men/41.jpg
1050,https://randomuser.me/api/portraits/women/42.jpg
1051,https://randomuser.me/api/portraits/women/72.jpg
1052,https://randomuser.me/api/portraits/women/93.jpg
1053,https://randomuser.me/api/portraits/men/77.jpg
1054,https://randomuser.me/api/portraits/women/13.jpg
1055,https://randomuser.me/api/portraits/women/59.jpg
1056,https://randomuser.me/api/portraits/men/24.jpg
1057,https://randomuser.me/api/portraits/women/32.jpg
1058,https://randomuser.me/api/portraits/men/27.jpg
1059,https://randomuser.me/api/portraits/men/97.jpg
1060,https://randomuser.me/api/portraits/women/3.jpg
1061,https://randomuser.me/api/portraits/men/63.jpg
1062,https://randomuser.me/api/portraits/women/13.jpg
1063,https://randomuser.me/api/portraits/women/22.jpg
1064,https://randomuser.me/api/portraits/men/70.jpg
1065,https://randomuser.me/api/portraits/men/51.jpg
1066,https://randomuser.me/api/portraits/women/9.jpg
1067,https://randomuser.me/api/portraits/women/96.jpg
1068,https://randomuser.me/api/portraits/men/43.jpg
1069,https://randomuser.me/api/portraits/men/39.jpg
1070,https://randomuser.me/api/portraits/men/18.jpg
1071,https://randomuser.me/api/portraits/men/92.jpg
1072,https://randomuser.me/api/portraits/men/21.jpg
1073,https://randomuser.me/api/portraits/men/91.jpg
1074,https://randomuser.me/api/portraits/women/56.jpg
1075,https://randomuser.me/api/portraits/men/17.jpg
1076,https://randomuser.me/api/portraits/men/9.jpg
1077,https://randomuser.me/api/portraits/women/93.jpg
1078,https://randomuser.me/api/portraits/men/78.jpg
1079,https://randomuser.me/api/portraits/women/91.jpg
1080,https://randomuser.me/api/portraits/men/51.jpg
1081,https://randomuser.me/api/portraits/women/95.jpg
1082,https://randomuser.me/api/portraits/women/15.jpg
1083,https://randomuser.me/api/portraits/men/22.jpg
1084,https://randomuser.me/api/portraits/men/71.jpg
1085,https://randomuser.me/api/portraits/men/62.jpg
1086,https://randomuser.me/api/portraits/women/67.jpg
1087,https://randomuser.me/api/portraits/women/66.jpg
1088,https://randomuser.me/api/portraits/women/8.jpg
1089,https://randomuser.me/api/portraits/women/33.jpg
1090,https://randomuser.me/api/portraits/men/27.jpg
1091,https://randomuser.me/api/portraits/women/88.jpg
1092,https://randomuser.me/api/portraits/women/20.jpg
1093,https://randomuser.me/api/portraits/men/26.jpg
1094,https://randomuser.me/api/portraits/men/30.jpg
1095,https://randomuser.me/api/portraits/men/58.jpg
1096,https://randomuser.me/api/portraits/women/11.jpg
1097,https://randomuser.me/api/portraits/women/56.jpg
1098,https://randomuser.me/api/portraits/men/95.jpg
1099,https://randomuser.me/api/portraits/men/83.jpg
1100,https://randomuser.me/api/portraits/women/94.jpg
1101,https://randomuser.me/api/portraits/women/2.jpg
1102,https://randomuser.me/api/portraits/women/11.jpg
1103,https://randomuser.me/api/portraits/women/70.jpg
1104,https://randomuser.me/api/portraits/men/13.jpg
1105,https://randomuser.me/api/portraits/men/26.jpg
1106,https://randomuser.me/api/portraits/men/4.jpg
1107,https://randomuser.me/api/portraits/men/96.jpg
1108,https://randomuser.me/api/portraits/women/15.jpg
1109,https://randomuser.me/api/portraits/women/5.jpg
1110,https://randomuser.me/api/portraits/women/21.jpg
1111,https://randomuser.me/api/portraits/women/9.jpg
1112,https://randomuser.me/api/portraits/men/16.jpg
1113,https://randomuser.me/api/portraits/women/70.jpg
1114,https://randomuser.me/api/portraits/men/84.jpg
1115,https://randomuser.me/api/portraits/men/95.jpg
1116,https://randomuser.me/api/portraits/men/19.jpg
1117,https://randomuser.me/api/portraits/men/3.jpg
1118,https://randomuser.me/api/portraits/men/72.jpg
1119,https://randomuser.me/api/portraits/women/58.jpg
1120,https://randomuser.me/api/portraits/women/70.jpg
1121,https://randomuser.me/api/portraits/women/36.jpg
1122,https://randomuser.me/api/portraits/women/71.jpg
1123,https://randomuser.me/api/portraits/women/53.jpg
1124,https://randomuser.me/api/portraits/women/19.jpg
1125,https://randomuser.me/api/portraits/men/27.jpg
1126,https://randomuser.me/api/portraits/women/62.jpg
1127,https://randomuser.me/api/portraits/women/62.jpg
1128,https://randomuser.me/api/portraits/women/12.jpg
1129,https://randomuser.me/api/portraits/men/50.jpg
1130,https://randomuser.me/api/portraits/men/69.jpg
1131,https://randomuser.me/api/portraits/men/19.jpg
1132,https://randomuser.me/api/portraits/women/29.jpg
1133,https://randomuser.me/api/portraits/women/16.jpg
1134,https://randomuser.me/api/portraits/men/72.jpg
1135,https://randomuser.me/api/portraits/men/76.jpg
1136,https://randomuser.me/api/portraits/men/55.jpg
1137,https://randomuser.me/api/portraits/women/7.jpg
1138,https://randomuser.me/api/portraits/women/94.jpg
1139,https://randomuser.me/api/portraits/men/92.jpg
1140,https://randomuser.me/api/portraits/men/70.jpg
1141,https://randomuser.me/api/portraits/men/61.jpg
1142,https://randomuser.me/api/portraits/women/77.jpg
1143,https://randomuser.me/api/portraits/women/10.jpg
1144,https://randomuser.me/api/portraits/men/98.jpg
1145,https://randomuser.me/api/portraits/men/87.jpg
1146,https://randomuser.me/api/portraits/women/92.jpg
1147,https://randomuser.me/api/portraits/women/43.jpg
1148,https://randomuser.me/api/portraits/women/16.jpg
1149,https://randomuser.me/api/portraits/men/10.jpg
1150,https://randomuser.me/api/portraits/men/11.jpg
1151,https://randomuser.me/api/portraits/men/41.jpg
1152,https://randomuser.me/api/portraits/women/92.jpg
1153,https://randomuser.me/api/portraits/women/55.jpg
1154,https://randomuser.me/api/portraits/women/73.jpg
1155,https://randomuser.me/api/portraits/men/19.jpg
1156,https://randomuser.me/api/portraits/women/56.jpg
1157,https://randomuser.me/api/portraits/men/96.jpg
1158,https://randomuser.me/api/portraits/men/92.jpg
1159,https://randomuser.me/api/portraits/men/59.jpg
1160,https://randomuser.me/api/portraits/men/19.jpg
1161,https://randomuser.me/api/portraits/women/18.jpg
1162,https://randomuser.me/api/portraits/men/94.jpg
1163,https://randomuser.me/api/portraits/men/18.jpg
1164,https://randomuser.me/api/portraits/women/27.jpg
1165,https://randomuser.me/api/portraits/women/6.jpg
1166,https://randomuser.me/api/portraits/men/8.jpg
1167,https://randomuser.me/api/portraits/men/98.jpg
1168,https://randomuser.me/api/portraits/women/55.jpg
1169,https://randomuser.me/api/portraits/women/85.jpg
1170,https://randomuser.me/api/portraits/women/66.jpg
1171,https://randomuser.me/api/portraits/women/73.jpg
1172,https://randomuser.me/api/portraits/women/21.jpg
1173,https://randomuser.me/api/portraits/women/33.jpg
1174,https://randomuser.me/api/portraits/women/92.jpg
1175,https://randomuser.me/api/portraits/men/14.jpg
1176,https://randomuser.me/api/portraits/men/53.jpg
1177,https://randomuser.me/api/portraits/women/95.jpg
1178,https://randomuser.me/api/portraits/men/49.jpg
1179,https://randomuser.me/api/portraits/women/15.jpg
1180,https://randomuser.me/api/portraits/women/3.jpg
1181,https://randomuser.me/api/portraits/men/31.jpg
1182,https://randomuser.me/api/portraits/men/81.jpg
1183,https://randomuser.me/api/portraits/men/68.jpg
1184,https://randomuser.me/api/portraits/men/78.jpg
1185,https://randomuser.me/api/portraits/women/83.jpg
1186,https://randomuser.me/api/portraits/men/67.jpg
1187,https://randomuser.me/api/portraits/women/15.jpg
1188,https://randomuser.me/api/portraits/women/89.jpg
1189,https://randomuser.me/api/portraits/women/66.jpg
1190,https://randomuser.me/api/portraits/men/66.jpg
1191,https://randomuser.me/api/portraits/men/26.jpg
1192,https://randomuser.me/api/portraits/women/76.jpg
1193,https://randomuser.me/api/portraits/women/71.jpg
1194,https://randomuser.me/api/portraits/women/57.jpg
1195,https://randomuser.me/api/portraits/men/47.jpg
1196,https://randomuser.me/api/portraits/women/70.jpg
1197,https://randomuser.me/api/portraits/women/1.jpg
1198,https://randomuser.me/api/portraits/men/70.jpg
1199,https://randomuser.me/api/portraits/men/35.jpg
1200,https://randomuser.me/api/portraits/women/53.jpg
1201,https://randomuser.me/api/portraits/men/14.jpg
1202,https://randomuser.me/api/portraits/men/15.jpg
1203,https://randomuser.me/api/portraits/women/71.jpg
1204,https://randomuser.me/api/portraits/men/50.jpg
1205,https://randomuser.me/api/portraits/men/9.jpg
1206,https://randomuser.me/api/portraits/women/11.jpg
1207,https://randomuser.me/api/portraits/men/72.jpg
1208,https://randomuser.me/api/portraits/men/36.jpg
1209,https://randomuser.me/api/portraits/women/7.jpg
1210,https://randomuser.me/api/portraits/men/52.jpg
1211,https://randomuser.me/api/portraits/women/24.jpg
1212,https://randomuser.me/api/portraits/women/19.jpg
1213,https://randomuser.me/api/portraits/women/67.jpg
1214,https://randomuser.me/api/portraits/men/32.jpg
1215,https://randomuser.me/api/portraits/men/12.jpg
1216,https://randomuser.me/api/portraits/men/93.jpg
1217,https://randomuser.me/api/portraits/men/85.jpg
1218,https://randomuser.me/api/portraits/men/56.jpg
1219,https://randomuser.me/api/portraits/men/75.jpg
1220,https://randomuser.me/api/portraits/women/43.jpg
1221,https://randomuser.me/api/portraits/women/77.jpg
1222,https://randomuser.me/api/portraits/men/18.jpg
1223,https://randomuser.me/api/portraits/women/88.jpg
1224,https://randomuser.me/api/portraits/women/94.jpg
1225,https://randomuser.me/api/portraits/men/7.jpg
1226,https://randomuser.me/api/portraits/men/62.jpg
1227,https://randomuser.me/api/portraits/men/9.jpg
1228,https://randomuser.me/api/portraits/men/70.jpg
1229,https://randomuser.me/api/portraits/women/49.jpg
1230,https://randomuser.me/api/portraits/women/81.jpg
1231,https://randomuser.me/api/portraits/women/89.jpg
1232,https://randomuser.me/api/portraits/men/88.jpg
1233,https://randomuser.me/api/portraits/women/94.jpg
1234,https://randomuser.me/api/portraits/men/80.jpg
1235,https://randomuser.me/api/portraits/men/53.jpg
1236,https://randomuser.me/api/portraits/women/58.jpg
1237,https://randomuser.me/api/portraits/women/66.jpg
1238,https://randomuser.me/api/portraits/men/63.jpg
1239,https://randomuser.me/api/portraits/men/75.jpg
1240,https://randomuser.me/api/portraits/women/64.jpg
1241,https://randomuser.me/api/portraits/men/76.jpg
1242,https://randomuser.me/api/portraits/men/49.jpg
1243,https://randomuser.me/api/portraits/women/27.jpg
1244,https://randomuser.me/api/portraits/men/24.jpg
1245,https://randomuser.me/api/portraits/men/52.jpg
1246,https://randomuser.me/api/portraits/women/36.jpg
1247,https://randomuser.me/api/portraits/men/34.jpg
1248,https://randomuser.me/api/portraits/women/54.jpg
1249,https://randomuser.me/api/portraits/women/15.jpg
1250,https://randomuser.me/api/portraits/men/64.jpg
1251,https://randomuser.me/api/portraits/women/46.jpg
1252,https://randomuser.me/api/portraits/men/9.jpg
1253,https://randomuser.me/api/portraits/women/11.jpg
1254,https://randomuser.me/api/portraits/men/17.jpg
1255,https://randomuser.me/api/portraits/women/44.jpg
1256,https://randomuser.me/api/portraits/women/32.jpg
1257,https://randomuser.me/api/portraits/women/70.jpg
1258,https://randomuser.me/api/portraits/women/50.jpg
1259,https://randomuser.me/api/portraits/women/70.jpg
1260,https://randomuser.me/api/portraits/women/95.jpg
1261,https://randomuser.me/api/portraits/men/16.jpg
1262,https://randomuser.me/api/portraits/men/4.jpg
1263,https://randomuser.me/api/portraits/women/36.jpg
1264,https://randomuser.me/api/portraits/women/37.jpg
1265,https://randomuser.me/api/portraits/women/75.jpg
1266,https://randomuser.me/api/portraits/men/9.jpg
1267,https://randomuser.me/api/portraits/men/66.jpg
1268,https://randomuser.me/api/portraits/men/93.jpg
1269,https://randomuser.me/api/portraits/women/96.jpg
1270,https://randomuser.me/api/portraits/women/70.jpg
1271,https://randomuser.me/api/portraits/men/34.jpg
1272,https://randomuser.me/api/portraits/men/1.jpg
1273,https://randomuser.me/api/portraits/women/51.jpg
1274,https://randomuser.me/api/portraits/men/91.jpg
1275,https://randomuser.me/api/portraits/women/76.jpg
1276,https://randomuser.me/api/portraits/men/66.jpg
1277,https://randomuser.me/api/portraits/men/93.jpg
1278,https://randomuser.me/api/portraits/men/41.jpg
1279,https://randomuser.me/api/portraits/women/50.jpg
1280,https://randomuser.me/api/portraits/women/68.jpg
1281,https://randomuser.me/api/portraits/men/34.jpg
1282,https://randomuser.me/api/portraits/women/36.jpg
1283,https://randomuser.me/api/portraits/men/40.jpg
1284,https://randomuser.me/api/portraits/men/78.jpg
1285,https://randomuser.me/api/portraits/women/79.jpg
1286,https://randomuser.me/api/portraits/women/72.jpg
1287,https://randomuser.me/api/portraits/women/80.jpg
1288,https://randomuser.me/api/portraits/men/16.jpg
1289,https://randomuser.me/api/portraits/women/1.jpg
1290,https://randomuser.me/api/portraits/women/84.jpg
1291,https://randomuser.me/api/portraits/women/13.jpg
1292,https://randomuser.me/api/portraits/women/76.jpg
1293,https://randomuser.me/api/portraits/women/45.jpg
1294,https://randomuser.me/api/portraits/women/49.jpg
1295,https://randomuser.me/api/portraits/women/96.jpg
1296,https://randomuser.me/api/portraits/women/24.jpg
1297,https://randomuser.me/api/portraits/men/24.jpg
1298,https://randomuser.me/api/portraits/women/93.jpg
1299,https://randomuser.me/api/portraits/women/33.jpg
1300,https://randomuser.me/api/portraits/men/3.jpg
1301,https://randomuser.me/api/portraits/men/37.jpg
1302,https://randomuser.me/api/portraits/women/67.jpg
1303,https://randomuser.me/api/portraits/men/46.jpg
1304,https://randomuser.me/api/portraits/men/34.jpg
1305,https://randomuser.me/api/portraits/women/54.jpg
1306,https://randomuser.me/api/portraits/men/9.jpg
1307,https://randomuser.me/api/portraits/men/35.jpg
1308,https://randomuser.me/api/portraits/women/11.jpg
1309,https://randomuser.me/api/portraits/men/99.jpg
1310,https://randomuser.me/api/portraits/women/53.jpg
1311,https://randomuser.me/api/portraits/women/88.jpg
1312,https://randomuser.me/api/portraits/men/91.jpg
1313,https://randomuser.me/api/portraits/women/68.jpg
1314,https://randomuser.me/api/portraits/men/88.jpg
1315,https://randomuser.me/api/portraits/women/78.jpg
1316,https://randomuser.me/api/portraits/men/57.jpg
1317,https://randomuser.me/api/portraits/men/56.jpg
1318,https://randomuser.me/api/portraits/women/24.jpg
1319,https://randomuser.me/api/portraits/men/99.jpg
1320,https://randomuser.me/api/portraits/women/52.jpg
1321,https://randomuser.me/api/portraits/women/1.jpg
1322,https://randomuser.me/api/portraits/men/87.jpg
1323,https://randomuser.me/api/portraits/women/34.jpg
1324,https://randomuser.me/api/portraits/men/37.jpg
1325,https://randomuser.me/api/portraits/women/49.jpg
1326,https://randomuser.me/api/portraits/women/53.jpg
1327,https://randomuser.me/api/portraits/men/72.jpg
1328,https://randomuser.me/api/portraits/women/92.jpg
1329,https://randomuser.me/api/portraits/women/75.jpg
1330,https://randomuser.me/api/portraits/men/1.jpg
1331,https://randomuser.me/api/portraits/men/15.jpg
1332,https://randomuser.me/api/portraits/men/67.jpg
1333,https://randomuser.me/api/portraits/women/9.jpg
1334,https://randomuser.me/api/portraits/men/17.jpg
1335,https://randomuser.me/api/portraits/men/56.jpg
1336,https://randomuser.me/api/portraits/men/18.jpg
1337,https://randomuser.me/api/portraits/women/82.jpg
1338,https://randomuser.me/api/portraits/women/62.jpg
1339,https://randomuser.me/api/portraits/women/1.jpg
1340,https://randomuser.me/api/portraits/men/34.jpg
1341,https://randomuser.me/api/portraits/men/49.jpg
1342,https://randomuser.me/api/portraits/men/55.jpg
1343,https://randomuser.me/api/portraits/men/77.jpg
1344,https://randomuser.me/api/portraits/women/32.jpg
1345,https://randomuser.me/api/portraits/women/18.jpg
1346,https://randomuser.me/api/portraits/women/50.jpg
1347,https://randomuser.me/api/portraits/women/53.jpg
1348,https://randomuser.me/api/portraits/women/1.jpg
1349,https://randomuser.me/api/portraits/women/78.jpg
1350,https://randomuser.me/api/portraits/men/23.jpg
1351,https://randomuser.me/api/portraits/women/75.jpg
1352,https://randomuser.me/api/portraits/men/26.jpg
1353,https://randomuser.me/api/portraits/men/91.jpg
1354,https://randomuser.me/api/portraits/women/34.jpg
1355,https://randomuser.me/api/portraits/women/18.jpg
1356,https://randomuser.me/api/portraits/men/81.jpg
1357,https://randomuser.me/api/portraits/women/45.jpg
1358,https://randomuser.me/api/portraits/men/95.jpg
1359,https://randomuser.me/api/portraits/women/92.jpg
1360,https://randomuser.me/api/portraits/men/21.jpg
1361,https://randomuser.me/api/portraits/women/51.jpg
1362,https://randomuser.me/api/portraits/men/61.jpg
1363,https://randomuser.me/api/portraits/men/1.jpg
1364,https://randomuser.me/api/portraits/women/45.jpg
1365,https://randomuser.me/api/portraits/women/49.jpg
1366,https://randomuser.me/api/portraits/women/88.jpg
1367,https://randomuser.me/api/portraits/women/2.jpg
1368,https://randomuser.me/api/portraits/women/38.jpg
1369,https://randomuser.me/api/portraits/women/41.jpg
1370,https://randomuser.me/api/portraits/men/85.jpg
1371,https://randomuser.me/api/portraits/women/33.jpg
1372,https://randomuser.me/api/portraits/men/89.jpg
1373,https://randomuser.me/api/portraits/women/10.jpg
1374,https://randomuser.me/api/portraits/men/33.jpg
1375,https://randomuser.me/api/portraits/men/65.jpg
1376,https://randomuser.me/api/portraits/women/92.jpg
1377,https://randomuser.me/api/portraits/men/9.jpg
1378,https://randomuser.me/api/portraits/women/40.jpg
1379,https://randomuser.me/api/portraits/women/86.jpg
1380,https://randomuser.me/api/portraits/women/14.jpg
1381,https://randomuser.me/api/portraits/men/99.jpg
1382,https://randomuser.me/api/portraits/women/86.jpg
1383,https://randomuser.me/api/portraits/men/79.jpg
1384,https://randomuser.me/api/portraits/men/40.jpg
1385,https://randomuser.me/api/portraits/women/14.jpg
1386,https://randomuser.me/api/portraits/women/5.jpg
1387,https://randomuser.me/api/portraits/women/52.jpg
1388,https://randomuser.me/api/portraits/women/89.jpg
1389,https://randomuser.me/api/portraits/women/38.jpg
1390,https://randomuser.me/api/portraits/women/90.jpg
1391,https://randomuser.me/api/portraits/men/45.jpg
1392,https://randomuser.me/api/portraits/women/7.jpg
1393,https://randomuser.me/api/portraits/men/95.jpg
1394,https://randomuser.me/api/portraits/men/42.jpg
1395,https://randomuser.me/api/portraits/men/61.jpg
1396,https://randomuser.me/api/portraits/women/30.jpg
1397,https://randomuser.me/api/portraits/men/62.jpg
1398,https://randomuser.me/api/portraits/women/95.jpg
1399,https://randomuser.me/api/portraits/women/18.jpg
1400,https://randomuser.me/api/portraits/women/75.jpg
1401,https://randomuser.me/api/portraits/women/46.jpg
1402,https://randomuser.me/api/portraits/women/42.jpg
1403,https://randomuser.me/api/portraits/men/77.jpg
1404,https://randomuser.me/api/portraits/men/84.jpg
1405,https://randomuser.me/api/portraits/women/79.jpg
1406,https://randomuser.me/api/portraits/men/31.jpg
1407,https://randomuser.me/api/portraits/men/57.jpg
1408,https://randomuser.me/api/portraits/men/93.jpg
1409,https://randomuser.me/api/portraits/women/75.jpg
1410,https://randomuser.me/api/portraits/men/43.jpg
1411,https://randomuser.me/api/portraits/women/67.jpg
1412,https://randomuser.me/api/portraits/men/45.jpg
1413,https://randomuser.me/api/portraits/men/76.jpg
1414,https://randomuser.me/api/portraits/men/92.jpg
1415,https://randomuser.me/api/portraits/men/77.jpg
1416,https://randomuser.me/api/portraits/women/62.jpg
1417,https://randomuser.me/api/portraits/women/10.jpg
1418,https://randomuser.me/api/portraits/women/6.jpg
1419,https://randomuser.me/api/portraits/men/47.jpg
1420,https://randomuser.me/api/portraits/women/65.jpg
1421,https://randomuser.me/api/portraits/men/20.jpg
1422,https://randomuser.me/api/portraits/women/47.jpg
1423,https://randomuser.me/api/portraits/women/16.jpg
1424,https://randomuser.me/api/portraits/women/82.jpg
1425,https://randomuser.me/api/portraits/men/58.jpg
1426,https://randomuser.me/api/portraits/men/76.jpg
1427,https://randomuser.me/api/portraits/men/47.jpg
1428,https://randomuser.me/api/portraits/men/58.jpg
1429,https://randomuser.me/api/portraits/men/99.jpg
1430,https://randomuser.me/api/portraits/women/66.jpg
1431,https://randomuser.me/api/portraits/women/43.jpg
1432,https://randomuser.me/api/portraits/women/46.jpg
1433,https://randomuser.me/api/portraits/women/33.jpg
1434,https://randomuser.me/api/portraits/men/47.jpg
1435,https://randomuser.me/api/portraits/men/41.jpg
1436,https://randomuser.me/api/portraits/women/20.jpg
1437,https://randomuser.me/api/portraits/women/72.jpg
1438,https://randomuser.me/api/portraits/women/15.jpg
1439,https://randomuser.me/api/portraits/men/53.jpg
1440,https://randomuser.me/api/portraits/men/82.jpg
1441,https://randomuser.me/api/portraits/men/27.jpg
1442,https://randomuser.me/api/portraits/women/58.jpg
1443,https://randomuser.me/api/portraits/women/31.jpg
1444,https://randomuser.me/api/portraits/men/8.jpg
1445,https://randomuser.me/api/portraits/men/76.jpg
1446,https://randomuser.me/api/portraits/women/67.jpg
1447,https://randomuser.me/api/portraits/men/4.jpg
1448,https://randomuser.me/api/portraits/women/96.jpg
1449,https://randomuser.me/api/portraits/women/47.jpg
1450,https://randomuser.me/api/portraits/men/54.jpg
1451,https://randomuser.me/api/portraits/men/96.jpg
1452,https://randomuser.me/api/portraits/men/77.jpg
1453,https://randomuser.me/api/portraits/women/64.jpg
1454,https://randomuser.me/api/portraits/men/8.jpg
1455,https://randomuser.me/api/portraits/men/64.jpg
1456,https://randomuser.me/api/portraits/women/96.jpg
1457,https://randomuser.me/api/portraits/women/78.jpg
1458,https://randomuser.me/api/portraits/men/84.jpg
1459,https://randomuser.me/api/portraits/women/28.jpg
1460,https://randomuser.me/api/portraits/men/83.jpg
1461,https://randomuser.me/api/portraits/men/47.jpg
1462,https://randomuser.me/api/portraits/men/9.jpg
1463,https://randomuser.me/api/portraits/men/31.jpg
1464,https://randomuser.me/api/portraits/women/66.jpg
1465,https://randomuser.me/api/portraits/men/31.jpg
1466,https://randomuser.me/api/portraits/women/51.jpg
1467,https://randomuser.me/api/portraits/men/67.jpg
1468,https://randomuser.me/api/portraits/women/20.jpg
1469,https://randomuser.me/api/portraits/men/16.jpg
1470,https://randomuser.me/api/portraits/men/84.jpg
1471,https://randomuser.me/api/portraits/women/8.jpg
1472,https://randomuser.me/api/portraits/women/89.jpg
1473,https://randomuser.me/api/portraits/men/60.jpg
1474,https://randomuser.me/api/portraits/women/57.jpg
1475,https://randomuser.me/api/portraits/men/56.jpg
1476,https://randomuser.me/api/portraits/women/72.jpg
1477,https://randomuser.me/api/portraits/men/60.jpg
1478,https://randomuser.me/api/portraits/men/85.jpg
1479,https://randomuser.me/api/portraits/men/2.jpg
1480,https://randomuser.me/api/portraits/men/75.jpg
1481,https://randomuser.me/api/portraits/men/20.jpg
1482,https://randomuser.me/api/portraits/men/43.jpg
1483,https://randomuser.me/api/portraits/men/4.jpg
1484,https://randomuser.me/api/portraits/women/10.jpg
1485,https://randomuser.me/api/portraits/women/69.jpg
1486,https://randomuser.me/api/portraits/men/28.jpg
1487,https://randomuser.me/api/portraits/women/37.jpg
1488,https://randomuser.me/api/portraits/men/49.jpg
1489,https://randomuser.me/api/portraits/men/27.jpg
1490,https://randomuser.me/api/portraits/women/62.jpg
1491,https://randomuser.me/api/portraits/men/61.jpg
1492,https://randomuser.me/api/portraits/women/33.jpg
1493,https://randomuser.me/api/portraits/men/92.jpg
1494,https://randomuser.me/api/portraits/women/7.jpg
1495,https://randomuser.me/api/portraits/men/73.jpg
1496,https://randomuser.me/api/portraits/women/53.jpg
1497,https://randomuser.me/api/portraits/women/76.jpg
1498,https://randomuser.me/api/portraits/women/30.jpg
1499,https://randomuser.me/api/portraits/women/25.jpg
1500,https://randomuser.me/api/portraits/men/54.jpg